"Variable","Minimum","Q1","Median","Mean","Q3","Maximum","Standard_Deviation"
"popularity",0,17,35,33.3162093706701,50,100,22.2851594404897
"duration_ms",8586,174173,213000,228068.451811853,261587,5237295,106441.029974814
"danceability",0,0.456,0.58,0.56702051200621,0.695,0.985,0.173419881341365
"energy",0,0.473,0.685,0.642061504348248,0.854,1,0.251054138959595
"loudness",-999,-10.001,-6.998,-8.28272869933401,-5.001,999,17.0180408756641
"speechiness",0,0.0359,0.0489,0.0846720671130283,0.0845,0.965,0.105746649951713
"acousticness",0,0.0168,0.168,0.31414032925129,0.596,0.996,0.33195878722283
"instrumentalness",0,0,4.13e-05,0.155730580843098,0.0487,1,0.309244698189959
"liveness",0,0.098,0.132,0.213620256591192,0.273,1,0.190446163435817
"valence",0,0.26,0.464,0.47419433002488,0.683,0.995,0.259220312954927
"tempo",0,99.279,122.02,122.172027832195,140.076,243.372,29.9730718898615
